{
 "COLLISION": [
  {
   "Position": [
	0,
	0,
	0
   ],
   "Size": [
	11.7067003250122,
	0.296638011932373,
	12.2350997924805
   ],
   "Type": "Box"
  },
  {
   "Position": [
	3.57063007354736,
	0.986844003200531,
	3.09206008911133
   ],
   "Size": [
	3.00552010536194,
	1.65582001209259,
	1.8541100025177
   ],
   "Type": "Box"
  },
  {
   "Position": [
	-3.06826996803284,
	0.483821988105774,
	-0.40871199965477
   ],
   "Size": [
	3.05404996871948,
	1.05226004123688,
	4.67044019699097
   ],
   "Type": "Box"
  },
  {
   "Position": [
	-3.07715010643005,
	1.66998994350433,
	-4.06910991668701
   ],
   "Size": [
	2.93014001846313,
	3.04871010780334,
	2.32704997062683
   ],
   "Type": "Box"
  }
 ]
}
